year,mean,max,min,area
1980,14.443938173758587,17.76195930378945,10.89113359479636,California State Waters
1981,14.456342123176647,18.022226779140883,10.294890072599307,California State Waters
1982,14.190110051553093,17.086020401637402,10.896232091459963,California State Waters
1983,14.209343655824439,16.948395455819423,11.148472250665511,California State Waters
1984,15.307446095958381,18.17511250605821,11.75794733536933,California State Waters
1985,14.844754620723505,18.146950374917992,11.452841275218532,California State Waters
1986,14.730229754039755,18.12542687332797,11.570352476708466,California State Waters
1987,14.925489580320974,17.97666772574849,11.756022470585847,California State Waters
1988,14.505038847484599,17.333178379309008,11.505213755844045,California State Waters
1989,14.965652485752324,18.433157798937238,11.152647117473295,California State Waters
1990,14.172302941670727,17.65778107199102,10.462244299832314,California State Waters
1991,14.480998218547084,17.762933399543673,10.987280145864522,California State Waters
1992,13.727114430005198,16.483504184724165,11.025096593629351,California State Waters
1993,13.96357708542488,17.342308219377188,10.725530241659527,California State Waters
1994,14.72087500446497,18.554792144079027,10.696740856139158,California State Waters
1995,14.65374216595802,18.1438767012408,10.920549388469619,California State Waters
1996,14.703242369852989,17.83217072900108,11.563683610886725,California State Waters
1997,14.734121846816143,17.671522526892595,11.764272166714077,California State Waters
1998,15.26095027193601,18.650721640610588,11.65546748117855,California State Waters
1999,15.424957706149522,19.370179315981293,10.727217329928289,California State Waters
2000,14.796791372567947,18.2429678676431,11.357355600432077,California State Waters
2001,15.294003016551688,18.701370162073953,11.686762948397368,California State Waters
2002,15.076743786494687,18.0131398432593,12.061955670566093,California State Waters
2003,15.55279865150764,18.89871199591079,11.943254994024352,California State Waters
2004,13.993355047987528,17.207592484521594,10.765759821289565,California State Waters
2005,14.374772296265046,17.635488867764934,11.017556136294411,California State Waters
2006,15.071482927957362,18.495446788665756,11.516568036461576,California State Waters
2007,15.042777985268415,17.938784101501653,11.570356714878097,California State Waters
2008,14.492147929131521,17.73896502087771,10.971788263087843,California State Waters
2009,13.893140021164022,17.18698812235584,10.365223586982266,California State Waters
2010,13.982209052445166,17.119067390874143,10.46940940004684,California State Waters
2011,14.967147701131607,18.376187508832526,11.479336807299212,California State Waters
2012,14.660695464958177,18.164182481645284,10.630068868972556,California State Waters
2013,14.746069020331145,17.988153085615416,11.136953509386013,California State Waters
2014,14.233644622808525,17.43394189771766,11.099952725496225,California State Waters
2015,15.57202317041329,18.576036062151307,12.159253593756247,California State Waters
2016,14.592714904165483,17.742150985189685,11.230230555578189,California State Waters
2017,14.27498446398771,17.325769845491944,10.657115247591427,California State Waters
2018,14.305422687131292,17.399622160977525,10.936245232745916,California State Waters
2019,14.426011616340348,17.810269405566643,10.763302434522812,California State Waters
2020,14.398931229695913,17.88766313009486,10.594267840406584,California State Waters
2021,15.70131176104623,18.95395496541468,12.250353142895557,California State Waters
2022,16.021314274515383,19.54219713630853,12.055238848940236,California State Waters
2023,17.06113390285989,20.616307239131825,12.800250702058177,California State Waters
2024,15.300251978016837,18.586050437458454,11.598203939235303,California State Waters
2025,15.868107841724244,18.989773218472095,12.392033042035349,California State Waters
2026,15.421197582624567,18.607967335859865,11.589304530937477,California State Waters
2027,15.17660935662158,18.88385700099868,11.432304140733647,California State Waters
2028,15.07600740364999,18.164886274914178,11.704080566981716,California State Waters
2029,15.430888106849387,18.66696377773702,12.197802071703919,California State Waters
2030,16.02448597458292,19.480028849218584,11.663275016298575,California State Waters
2031,15.25789793840497,18.83587236300632,11.163062883430703,California State Waters
2032,14.841024382424159,18.230205441585667,11.588030326433284,California State Waters
2033,14.487439204383243,18.126872289057726,10.210321463111372,California State Waters
2034,14.955321550252371,18.598260276357703,10.970418653360229,California State Waters
2035,15.992177399819063,19.560315590152616,11.981195051712016,California State Waters
2036,14.642913877871454,17.831299936191048,10.97320225424883,California State Waters
2037,15.722227471665494,19.429538447325825,11.742231692397764,California State Waters
2038,15.181180162346747,18.486467464770588,11.457811252692933,California State Waters
2039,15.136964453136056,18.186909598049684,12.091863560227507,California State Waters
2040,14.415565609610802,17.744191444363516,10.798062928837368,California State Waters
2041,14.212382146623138,17.58754386858946,10.615297403816733,California State Waters
2042,15.11632416680201,18.596739457588125,11.56336945683603,California State Waters
2043,16.063827024100366,19.21514091381955,12.218072583145192,California State Waters
2044,16.24271524781145,19.483009407150217,12.654738790830931,California State Waters
2045,16.5730279114359,19.800089344296328,12.873289978858383,California State Waters
2046,16.308149528368826,19.71344852373795,12.636234793002659,California State Waters
2047,15.557510928058779,19.3449242309747,11.35640494012067,California State Waters
2048,16.647985108001393,19.74413929855317,13.004172215250945,California State Waters
2049,16.174652151095522,19.479372525363257,12.841076570961595,California State Waters
2050,15.605886059674052,18.85588397858385,12.090034665828389,California State Waters
2051,15.872356036624259,19.156666490041985,12.330163371368329,California State Waters
2052,16.051200246670927,19.651253498047847,12.009390415735462,California State Waters
2053,14.956584414844132,18.422996160117446,11.257325508460127,California State Waters
2054,15.71203400442457,18.81384094328644,11.88592688412058,California State Waters
2055,15.754603799213005,19.584571876273085,11.10755461830196,California State Waters
2056,15.298450039375659,18.956182997315945,11.248444998333136,California State Waters
2057,16.194478432279194,19.8429071328075,12.533164543617493,California State Waters
2058,16.077482459741507,19.13197521033838,12.415829841308314,California State Waters
2059,15.915771629417833,19.39496830881649,11.835752202254833,California State Waters
2060,16.015728281449604,19.708758996079947,11.77924843670656,California State Waters
2061,15.288506708338168,18.816792419303816,11.406801384855461,California State Waters
2062,15.627024145992793,19.07011445918418,11.862056799511306,California State Waters
2063,16.049353350397126,19.416668180964674,12.28827385855787,California State Waters
2064,16.662328833194653,20.087215944567614,12.697421083777797,California State Waters
2065,15.571528593644128,19.02681801072316,11.622892056068126,California State Waters
2066,15.042252281598842,18.64652615175272,11.267956244946271,California State Waters
2067,15.984913843232851,19.270165662127866,12.428140309516033,California State Waters
2068,15.616691553825914,19.073668382260507,11.385232251261813,California State Waters
2069,16.302262221203424,19.544208952093687,12.863389316924797,California State Waters
2070,16.399457706412427,19.66755532290842,12.576115783516299,California State Waters
2071,16.64926119400305,20.575025308073517,12.125694548434808,California State Waters
2072,16.34499714459281,19.93348752028612,11.527677008520001,California State Waters
2073,15.844851296313673,19.155767164217533,12.214499247169405,California State Waters
2074,16.013703991277843,19.625292362233324,11.95551820317048,California State Waters
2075,16.168633414919814,19.462972961734668,12.215958532907294,California State Waters
2076,15.777538343825862,18.924168054041452,12.201947534748305,California State Waters
2077,16.449441268016148,19.771396550632364,13.499740453588332,California State Waters
2078,16.682753719479663,19.955949856071864,12.893161269881249,California State Waters
2079,16.622539162550932,20.42927593774515,11.830526845128375,California State Waters
2080,16.420111300720208,19.79497989999195,12.676471556564955,California State Waters
2081,17.06182710481732,20.59096209672811,13.384585489544511,California State Waters
2082,16.40298292857695,19.76446967472721,12.501246225150902,California State Waters
2083,16.828202504254513,20.53852180551255,12.148855731257049,California State Waters
2084,16.762970906979955,20.368857228145707,12.706984542216228,California State Waters
2085,16.83498164068126,20.323859556697208,12.890381733784727,California State Waters
2086,16.616951871003227,20.25682494662316,12.835298267796167,California State Waters
2087,16.043815210781784,19.21457771262041,13.114333382964539,California State Waters
2088,15.461194074312212,18.27614259918685,12.093739951236591,California State Waters
2089,16.319972409803263,19.62750295167439,11.982149588018883,California State Waters
2090,16.306762832209937,19.74717906179931,12.65601390472876,California State Waters
2091,16.306796274962526,19.689323249415676,12.593182639792728,California State Waters
2092,16.871191710940614,20.56778108901349,12.328594121152923,California State Waters
2093,17.497788153704676,21.319957755762136,13.041513502081125,California State Waters
2094,16.49502623828571,20.00109614891265,12.577512946555325,California State Waters
2095,16.641334923192474,20.36216268837225,12.80670486752819,California State Waters
2096,16.67481744263337,20.15261877481115,12.538222648269604,California State Waters
2097,18.187444375767647,21.505301161121455,14.013766563370163,California State Waters
2098,18.31120151287718,21.752315277729654,14.228838256854656,California State Waters
2099,16.743124340799515,20.48592313550323,12.7263603690757,California State Waters
2100,16.863972976078575,19.981887078515886,13.374271212229083,California State Waters
1980,14.222337861860838,17.532991903955324,10.89113359479636,All California MPAs
1981,14.249571297252759,17.80408390653604,10.294890072599307,All California MPAs
1982,14.018010721917348,16.774305935188504,10.896232091459963,All California MPAs
1983,14.010347967587574,16.832234887047697,11.148472250665511,All California MPAs
1984,15.15194981956474,17.88354789703913,11.75794733536933,All California MPAs
1985,14.625761106917238,17.869990578216935,11.452841275218532,All California MPAs
1986,14.49383815793792,17.824093555395752,11.570352476708466,All California MPAs
1987,14.713901483228582,17.699380475328734,11.756022470585847,All California MPAs
1988,14.301819958533287,17.124451313937445,11.505213755844045,All California MPAs
1989,14.76406856946628,18.150737700135227,11.152647117473295,All California MPAs
1990,13.919679386361489,17.39472226897541,10.462244299832314,All California MPAs
1991,14.269432091732082,17.525799695507718,10.987280145864522,All California MPAs
1992,13.535736906090179,16.23549932522394,11.025096593629351,All California MPAs
1993,13.714911655103803,17.077571316074017,10.725530241659527,All California MPAs
1994,14.488042170309335,18.286360439257646,10.696740856139158,All California MPAs
1995,14.470460737016113,17.91004819043286,10.920549388469619,All California MPAs
1996,14.511033915620885,17.525181501742154,11.563683610886725,All California MPAs
1997,14.524265397763404,17.556954920927527,11.764272166714077,All California MPAs
1998,15.046836014591761,18.361324473864247,11.65546748117855,All California MPAs
1999,15.211274287300185,19.076920217932045,10.727217329928289,All California MPAs
2000,14.556197534930407,18.042760606603277,11.357355600432077,All California MPAs
2001,15.07536118508677,18.495800906229285,11.686762948397368,All California MPAs
2002,14.878975198537807,17.7731417066888,12.061955670566093,All California MPAs
2003,15.327113475412087,18.679719474635146,11.943254994024352,All California MPAs
2004,13.749808917902897,17.13758135188002,10.765759821289565,All California MPAs
2005,14.14692206585947,17.414470208596363,11.017556136294411,All California MPAs
2006,14.861445080010965,18.19451922533693,11.516568036461576,All California MPAs
2007,14.8854444371376,17.695028430808822,11.570356714878097,All California MPAs
2008,14.297627662108914,17.46162168087944,10.971788263087843,All California MPAs
2009,13.67406349457511,16.945716267875845,10.365223586982266,All California MPAs
2010,13.80834663006653,16.844493337377507,10.46940940004684,All California MPAs
2011,14.731955521607112,18.125921931112988,11.479336807299212,All California MPAs
2012,14.460050622305157,17.866620755074432,10.630068868972556,All California MPAs
2013,14.554024180463598,17.720346661082242,11.136953509386013,All California MPAs
2014,14.025039183865779,17.104923671921558,11.099952725496225,All California MPAs
2015,15.392861438338507,18.261095467638885,12.159253593756247,All California MPAs
2016,14.37846827352588,17.5134495711244,11.230230555578189,All California MPAs
2017,14.080995386779183,17.101744172370093,10.657115247591427,All California MPAs
2018,14.090111204803312,17.19820926061298,10.936245232745916,All California MPAs
2019,14.207991674319812,17.543359021002328,10.763302434522812,All California MPAs
2020,14.1945950914698,17.631683888922048,10.594267840406584,All California MPAs
2021,15.517814783426548,18.66187346943161,12.250353142895557,All California MPAs
2022,15.812447436324746,19.23978922231367,12.055238848940236,All California MPAs
2023,16.8593879452043,20.332204868857758,12.800250702058177,All California MPAs
2024,15.085373170673025,18.353618454163342,11.598203939235303,All California MPAs
2025,15.716141219286653,18.711366196647585,12.392033042035349,All California MPAs
2026,15.234897143210741,18.33976143258498,11.589304530937477,All California MPAs
2027,14.924760809760869,18.572357508663835,11.432304140733647,All California MPAs
2028,14.865848942576495,17.98515887532607,11.704080566981716,All California MPAs
2029,15.205443538320045,18.437228800966807,12.197802071703919,All California MPAs
2030,15.842185795821482,19.181128385241518,11.663275016298575,All California MPAs
2031,15.04854673197602,18.563193614950396,11.163062883430703,All California MPAs
2032,14.593152641468096,17.911211348105333,11.588030326433284,All California MPAs
2033,14.269504500425395,17.858633840979692,10.210321463111372,All California MPAs
2034,14.715822553221193,18.369212329577625,10.970418653360229,All California MPAs
2035,15.780845059632588,19.26903130162608,11.981195051712016,All California MPAs
2036,14.464134012747706,17.573522871403284,10.97320225424883,All California MPAs
2037,15.49924983329815,19.10188001194156,11.742231692397764,All California MPAs
2038,14.96753731608491,18.216660897224653,11.457811252692933,All California MPAs
2039,14.916851450357935,17.92671564067996,12.091863560227507,All California MPAs
2040,14.202229679752588,17.48058103145927,10.798062928837368,All California MPAs
2041,13.993746149598993,17.323749124375627,10.615297403816733,All California MPAs
2042,14.87204736953123,18.363976866955134,11.56336945683603,All California MPAs
2043,15.880921066420395,18.96573596598728,12.218072583145192,All California MPAs
2044,16.085155809097778,19.176243180877666,12.654738790830931,All California MPAs
2045,16.401933545214455,19.55749351641067,12.873289978858383,All California MPAs
2046,16.10339395717198,19.441033158941252,12.636234793002659,All California MPAs
2047,15.313359129287258,19.139480532342873,11.35640494012067,All California MPAs
2048,16.457353931100744,19.558634854862774,13.004172215250945,All California MPAs
2049,15.937159867241807,19.227510824635704,12.841076570961595,All California MPAs
2050,15.406642345337636,18.551164850729275,12.090034665828389,All California MPAs
2051,15.66733129168647,18.9046294899774,12.330163371368329,All California MPAs
2052,15.84341482647532,19.411811744737346,12.009390415735462,All California MPAs
2053,14.730801711072722,18.082084945641125,11.257325508460127,All California MPAs
2054,15.53020538463372,18.586681845157756,11.88592688412058,All California MPAs
2055,15.53970118019898,19.29017011280646,11.10755461830196,All California MPAs
2056,15.05854658107588,18.764545713096265,11.248444998333136,All California MPAs
2057,15.952698020898776,19.47761455722225,12.533164543617493,All California MPAs
2058,15.880264035461213,18.834047865520944,12.415829841308314,All California MPAs
2059,15.683749486793689,19.232300149953222,11.835752202254833,All California MPAs
2060,15.756052947970455,19.48104644250761,11.77924843670656,All California MPAs
2061,15.070558516308495,18.603518672250747,11.406801384855461,All California MPAs
2062,15.394933040901826,18.734966730592646,11.862056799511306,All California MPAs
2063,15.852509065327574,19.1725159103142,12.28827385855787,All California MPAs
2064,16.482131946945103,19.800448734971848,12.697421083777797,All California MPAs
2065,15.354574286332468,18.790628484377624,11.622892056068126,All California MPAs
2066,14.804566253727671,18.424382384358804,11.267956244946271,All California MPAs
2067,15.775732992527805,18.965545042993348,12.428140309516033,All California MPAs
2068,15.399572791974155,18.818746239259596,11.385232251261813,All California MPAs
2069,16.105194389461897,19.208670827788506,12.863389316924797,All California MPAs
2070,16.179585407504515,19.389720331708766,12.576115783516299,All California MPAs
2071,16.41309916099532,20.342656997148097,12.125694548434808,All California MPAs
2072,16.144028568361154,19.740217297097114,11.527677008520001,All California MPAs
2073,15.644489611879024,18.9025818550984,12.214499247169405,All California MPAs
2074,15.769107167142813,19.45064091791147,11.95551820317048,All California MPAs
2075,16.01594976585886,19.168548997217023,12.215958532907294,All California MPAs
2076,15.581049311297715,18.661566421038234,12.201947534748305,All California MPAs
2077,16.225835099832253,19.491571949433578,13.499740453588332,All California MPAs
2078,16.494199308701212,19.674097063503016,12.893161269881249,All California MPAs
2079,16.408233117774813,20.228093742249662,11.830526845128375,All California MPAs
2080,16.196642825766848,19.56193543300896,12.676471556564955,All California MPAs
2081,16.851209293915055,20.333705249030555,13.384585489544511,All California MPAs
2082,16.182041089959075,19.532770504141265,12.501246225150902,All California MPAs
2083,16.619573364127035,20.231400789812252,12.148855731257049,All California MPAs
2084,16.55563286061559,20.128533577974473,12.706984542216228,All California MPAs
2085,16.621943431793127,20.071982648319462,12.890381733784727,All California MPAs
2086,16.381413533794287,19.95839146294313,12.835298267796167,All California MPAs
2087,15.797277964762054,19.031660085421457,13.114333382964539,All California MPAs
2088,15.25483998718396,18.122959995331072,12.093739951236591,All California MPAs
2089,16.116114890237395,19.56537591488304,11.982149588018883,All California MPAs
2090,16.09374517249239,19.56665072768722,12.65601390472876,All California MPAs
2091,16.07308539623977,19.494841190441488,12.593182639792728,All California MPAs
2092,16.680275290181573,20.24354115112369,12.328594121152923,All California MPAs
2093,17.26753648144431,21.069624108297187,13.041513502081125,All California MPAs
2094,16.261953466801238,19.78075457637068,12.577512946555325,All California MPAs
2095,16.407801337143148,20.089736586873105,12.80670486752819,All California MPAs
2096,16.4690153927278,19.928105402664006,12.538222648269604,All California MPAs
2097,18.031894895146632,21.157377071599885,14.013766563370163,All California MPAs
2098,18.122651605504455,21.484623259448217,14.228838256854656,All California MPAs
2099,16.501371136191768,20.261402309197916,12.7263603690757,All California MPAs
2100,16.653561304961027,19.747792129371927,13.374271212229083,All California MPAs
1980,15.857467484682017,17.42593163244898,14.562363263949655,Channel Islands MPAs
1981,16.068073024123688,17.681899513345595,14.801367331924574,Channel Islands MPAs
1982,15.411527085262152,16.73877957114927,14.483046579865372,Channel Islands MPAs
1983,15.407108572298524,16.832234887047697,14.385295166554585,Channel Islands MPAs
1984,16.409062830054474,17.623158299150052,15.498100957771532,Channel Islands MPAs
1985,16.109321503670177,17.77271931983986,14.960304063320441,Channel Islands MPAs
1986,15.8822095331252,17.588789008686312,14.793287969583071,Channel Islands MPAs
1987,16.096989328191423,17.699380475328734,14.911850985253304,Channel Islands MPAs
1988,15.660922848185349,17.05217668006161,14.61010647912309,Channel Islands MPAs
1989,16.363810637907932,17.840242618976088,15.19513774667106,Channel Islands MPAs
1990,15.575788233842045,17.35784556601341,14.318343146303098,Channel Islands MPAs
1991,15.72649559545894,17.389402638437726,14.530320902021286,Channel Islands MPAs
1992,14.7914186067787,16.181800521758746,13.827873900713563,Channel Islands MPAs
1993,15.144640663215764,16.984056653789562,13.988753011168264,Channel Islands MPAs
1994,16.173900444508487,17.92729608275919,14.90764500707584,Channel Islands MPAs
1995,15.96211265443584,17.55463349212521,14.879794076230832,Channel Islands MPAs
1996,15.967446566215319,17.36682671052915,14.940768694407913,Channel Islands MPAs
1997,15.828514038345208,17.556954920927527,14.699713332858016,Channel Islands MPAs
1998,16.391160900234233,17.985612292807595,15.406450607047445,Channel Islands MPAs
1999,16.925965711190923,18.64487154536952,15.87165749872503,Channel Islands MPAs
2000,16.22920103463774,18.02570588861855,14.825813552729235,Channel Islands MPAs
2001,16.648558145354766,18.27177227488303,15.492417383148132,Channel Islands MPAs
2002,16.305485644247973,17.768185167035607,15.179958495264765,Channel Islands MPAs
2003,16.772279881845286,18.44673554293627,15.628993887418735,Channel Islands MPAs
2004,15.316203544976123,17.13758135188002,14.043916547188838,Channel Islands MPAs
2005,15.620455052037789,17.324341640596412,14.409979390412436,Channel Islands MPAs
2006,16.253787357875797,17.85175282543794,15.142896653918925,Channel Islands MPAs
2007,16.359205007775913,17.694862248765666,15.32988971945701,Channel Islands MPAs
2008,15.760709231666567,17.38941007496292,14.793580212728275,Channel Islands MPAs
2009,15.08270653207771,16.73981396605341,13.952444009918276,Channel Islands MPAs
2010,15.186257530554057,16.57439164505345,14.2433633796865,Channel Islands MPAs
2011,16.44118702694444,18.07089653526042,15.092924528868751,Channel Islands MPAs
2012,16.077643777034986,17.65345553579801,14.93172327639335,Channel Islands MPAs
2013,16.089298210726433,17.50096666864918,15.042647782397632,Channel Islands MPAs
2014,15.42194282743428,17.043679449599086,14.304349646551728,Channel Islands MPAs
2015,16.685392715773045,18.054126555408697,15.68631758072834,Channel Islands MPAs
2016,15.917124748347351,17.465694952389324,14.77251157614524,Channel Islands MPAs
2017,15.463775749579224,17.08652801861957,14.35116578456504,Channel Islands MPAs
2018,15.591506274775428,17.18583321516714,14.36306399306595,Channel Islands MPAs
2019,15.842968142204098,17.543359021002328,14.48641229640627,Channel Islands MPAs
2020,15.692800647861521,17.2723270317355,14.556484851869229,Channel Islands MPAs
2021,16.92584954340834,18.407735353179127,15.920478838935624,Channel Islands MPAs
2022,17.268935433738108,18.86366644187559,16.289773258844885,Channel Islands MPAs
2023,18.43709291770179,19.96600135198461,17.226605013082192,Channel Islands MPAs
2024,16.576376784576585,18.197983000111503,15.41216059649413,Channel Islands MPAs
2025,16.896951259078918,18.232510631162636,16.01381256998465,Channel Islands MPAs
2026,16.7993659117186,18.29088855533322,15.615035943478361,Channel Islands MPAs
2027,16.61958784615739,18.48835712306672,15.41554381718381,Channel Islands MPAs
2028,16.379642895200153,17.98515887532607,15.152827213134602,Channel Islands MPAs
2029,16.722125400653454,18.295067888702338,15.500501124503044,Channel Islands MPAs
2030,17.45968060676614,18.900090714556704,16.39657868221537,Channel Islands MPAs
2031,16.713089772925212,18.31652697755749,15.599659404920564,Channel Islands MPAs
2032,15.959254271767293,17.78494926111684,14.701607549252993,Channel Islands MPAs
2033,15.897396250484015,17.636423376767215,14.710530734988204,Channel Islands MPAs
2034,16.579241414884795,18.307324998588538,15.280370557819472,Channel Islands MPAs
2035,17.359966954677613,18.926859262679518,16.22674614592486,Channel Islands MPAs
2036,16.01434646599062,17.351327570379883,14.934661088579658,Channel Islands MPAs
2037,16.967393128075663,18.693281366446985,15.914242003285748,Channel Islands MPAs
2038,16.371081850368014,18.10928691011838,15.184830066471278,Channel Islands MPAs
2039,16.32389235172496,17.904283759794627,15.120370077468968,Channel Islands MPAs
2040,15.761809347572411,17.455204036359394,14.547999110522417,Channel Islands MPAs
2041,15.57902274701824,17.30759339755979,14.308013082441361,Channel Islands MPAs
2042,16.552295859427534,18.363976866955134,15.135707290014281,Channel Islands MPAs
2043,17.27578279728448,18.73819102997949,16.074603261011376,Channel Islands MPAs
2044,17.54923443476494,18.697066177375607,16.720439679300494,Channel Islands MPAs
2045,17.804661919392753,19.148949191954465,16.871557857324003,Channel Islands MPAs
2046,17.876731475165762,19.34976081527646,16.697248091896736,Channel Islands MPAs
2047,17.232409027862026,18.911673443746164,15.861625856066999,Channel Islands MPAs
2048,17.895835562168106,19.3739697785422,16.763503961040406,Channel Islands MPAs
2049,17.455413993576876,19.15831480462388,16.326379513907145,Channel Islands MPAs
2050,16.600233392989168,18.29408617112931,15.540780783860782,Channel Islands MPAs
2051,17.1005996651294,18.7077384268061,16.040620198086,Channel Islands MPAs
2052,17.434303602765766,18.983592560205636,16.303358633976384,Channel Islands MPAs
2053,16.334175508420152,17.96783186187575,15.10920842475764,Channel Islands MPAs
2054,16.987392197716154,18.586681845157756,15.950772085652298,Channel Islands MPAs
2055,17.340409045894315,19.099651105775784,16.117649391984425,Channel Islands MPAs
2056,16.6384804726875,18.577189584560127,15.313620417089027,Channel Islands MPAs
2057,17.525628211048705,19.232356718519636,16.370148976160653,Channel Islands MPAs
2058,17.30806523205922,18.748004686557028,16.220273666207778,Channel Islands MPAs
2059,17.399937920942154,19.193435892579682,16.028429766679878,Channel Islands MPAs
2060,17.605880217526845,19.466633521762876,16.246589663342935,Channel Islands MPAs
2061,16.894216508313285,18.524464156487873,15.664334978390698,Channel Islands MPAs
2062,17.003874475252697,18.731249668364747,15.73228668814833,Channel Islands MPAs
2063,17.54211585827138,19.01011908385096,16.340375605079387,Channel Islands MPAs
2064,18.223336842455105,19.622830516164942,17.12068133077598,Channel Islands MPAs
2065,17.04848656114569,18.76426495585384,15.837196929837395,Channel Islands MPAs
2066,16.38733105343352,18.304433774504677,15.019501222083486,Channel Islands MPAs
2067,17.26256335513895,18.83513000703862,16.127772142459797,Channel Islands MPAs
2068,16.961448856166488,18.688148047114762,15.804516640746906,Channel Islands MPAs
2069,17.419655243251214,18.962819678951234,16.265324334221084,Channel Islands MPAs
2070,17.49807961320576,19.22455153293924,16.27951083833019,Channel Islands MPAs
2071,18.389845260385304,20.073595118190806,17.107775077904176,Channel Islands MPAs
2072,18.071058533144047,19.63960331185241,16.834506432400953,Channel Islands MPAs
2073,17.24679685776236,18.759632026421716,16.128304367228175,Channel Islands MPAs
2074,17.56700827343737,19.45064091791147,16.210158689828855,Channel Islands MPAs
2075,17.365095375985344,18.721343993021694,16.48969738397306,Channel Islands MPAs
2076,16.895209714719382,18.557995525967062,15.749246142890675,Channel Islands MPAs
2077,17.563667543299637,19.25126079895621,16.37183873755561,Channel Islands MPAs
2078,17.934055445850507,19.409070910795236,16.86676536504672,Channel Islands MPAs
2079,18.427806800415734,20.182190946405537,16.98271875507737,Channel Islands MPAs
2080,17.606779814125957,19.47494673110056,16.408889673063833,Channel Islands MPAs
2081,18.478585198215438,20.08218120237876,17.347758768557963,Channel Islands MPAs
2082,17.886045198658252,19.532770504141265,16.557679012254212,Channel Islands MPAs
2083,18.469525437223336,20.11325394587708,17.187114542934356,Channel Islands MPAs
2084,18.200465076987278,19.820450607684034,17.13117517471867,Channel Islands MPAs
2085,18.03117819104225,19.80535399317499,16.868439135733993,Channel Islands MPAs
2086,18.031772240745564,19.750158846129924,16.736516777636073,Channel Islands MPAs
2087,17.11423924588133,19.031660085421457,15.851233760502305,Channel Islands MPAs
2088,16.439686718686545,18.122959995331072,15.213615391516159,Channel Islands MPAs
2089,17.927256208952546,19.56537591488304,16.6554231378312,Channel Islands MPAs
2090,17.663228076627817,19.34081065611772,16.60103471333876,Channel Islands MPAs
2091,17.6243152445245,19.388079366116113,16.506075912038195,Channel Islands MPAs
2092,18.290973393337755,19.995480365811073,17.115931119842404,Channel Islands MPAs
2093,19.10267879502721,20.89920422518222,17.822143051548206,Channel Islands MPAs
2094,17.867805348469368,19.714729104916497,16.66208392312092,Channel Islands MPAs
2095,18.20301972524151,19.914505311512567,16.92495969520787,Channel Islands MPAs
2096,18.134432239108225,19.77055127541222,17.009682533923137,Channel Islands MPAs
2097,19.443788024148056,20.718872794227295,18.5506253885486,Channel Islands MPAs
2098,19.65447353771804,21.07773262877789,18.510180943038247,Channel Islands MPAs
2099,18.272769401953447,19.99036481611778,16.89353187324257,Channel Islands MPAs
2100,18.109447762264985,19.747792129371927,16.958280018883148,Channel Islands MPAs
1980,16.667820870396962,17.532991903955324,14.701692688026407,South Coast Bioregion MPAs
1981,16.972781113356273,17.80408390653604,15.053802579932013,South Coast Bioregion MPAs
1982,16.060782399883646,16.774305935188504,14.289017376325669,South Coast Bioregion MPAs
1983,16.105177786809005,16.751031898747197,14.395850639467469,South Coast Bioregion MPAs
1984,17.19984182465484,17.88354789703913,15.463375849405585,South Coast Bioregion MPAs
1985,17.10184236139021,17.869990578216935,15.15759056917595,South Coast Bioregion MPAs
1986,17.02322006673454,17.824093555395752,14.939469427760436,South Coast Bioregion MPAs
1987,16.89531457389611,17.66972968247034,14.846121996242308,South Coast Bioregion MPAs
1988,16.419820439976302,17.124451313937445,14.585964165747457,South Coast Bioregion MPAs
1989,17.33315518756892,18.150737700135227,15.28945684508566,South Coast Bioregion MPAs
1990,16.565257964228607,17.39472226897541,14.37928160167074,South Coast Bioregion MPAs
1991,16.73032157247077,17.525799695507718,14.668628515292518,South Coast Bioregion MPAs
1992,15.562497155371979,16.23549932522394,13.833191021540735,South Coast Bioregion MPAs
1993,16.20787941885676,17.077571316074017,14.06422507653429,South Coast Bioregion MPAs
1994,17.378572106303064,18.286360439257646,15.251377922676776,South Coast Bioregion MPAs
1995,17.03342441128345,17.91004819043286,15.121023855628593,South Coast Bioregion MPAs
1996,16.734235642847455,17.525181501742154,14.839392939008569,South Coast Bioregion MPAs
1997,16.700442054420765,17.524925140506152,14.639648539242499,South Coast Bioregion MPAs
1998,17.5120792318202,18.361324473864247,15.460777656718909,South Coast Bioregion MPAs
1999,18.18927922916678,19.076920217932045,16.07629633670653,South Coast Bioregion MPAs
2000,17.187197749424683,18.042760606603277,15.0225889445408,South Coast Bioregion MPAs
2001,17.643647853412542,18.495800906229285,15.662989547765973,South Coast Bioregion MPAs
2002,17.059555669688347,17.7731417066888,15.190394248764214,South Coast Bioregion MPAs
2003,17.877037110363514,18.679719474635146,15.824147690169042,South Coast Bioregion MPAs
2004,16.18376987698818,17.010144450631426,14.068573375892612,South Coast Bioregion MPAs
2005,16.5666994585422,17.414470208596363,14.512538123994283,South Coast Bioregion MPAs
2006,17.418222027087996,18.19451922533693,15.417939166832708,South Coast Bioregion MPAs
2007,17.005120529745557,17.695028430808822,15.369629302748725,South Coast Bioregion MPAs
2008,16.65827919449493,17.46162168087944,14.708789139010442,South Coast Bioregion MPAs
2009,16.052076540349717,16.945716267875845,13.808338174373484,South Coast Bioregion MPAs
2010,16.026691797308636,16.844493337377507,14.095778389561955,South Coast Bioregion MPAs
2011,17.334680251188587,18.125921931112988,15.274270238053374,South Coast Bioregion MPAs
2012,17.005158064065537,17.866620755074432,14.940394195956808,South Coast Bioregion MPAs
2013,16.964429301391018,17.720346661082242,15.132805095737686,South Coast Bioregion MPAs
2014,16.32449954447867,17.104923671921558,14.336409173770923,South Coast Bioregion MPAs
2015,17.546625215562283,18.261095467638885,15.716500222971982,South Coast Bioregion MPAs
2016,16.722424543132792,17.5134495711244,14.718936475108514,South Coast Bioregion MPAs
2017,16.289984639629044,17.101744172370093,14.2591789486235,South Coast Bioregion MPAs
2018,16.4028942738107,17.19820926061298,14.392552838158325,South Coast Bioregion MPAs
2019,16.77274298616991,17.53175055337564,14.665685498721743,South Coast Bioregion MPAs
2020,16.80675434594635,17.631683888922048,14.7775176139849,South Coast Bioregion MPAs
2021,17.86581311889297,18.66187346943161,16.02479298262007,South Coast Bioregion MPAs
2022,18.38998960773037,19.23978922231367,16.368140092673105,South Coast Bioregion MPAs
2023,19.574968526450885,20.332204868857758,17.60122233868614,South Coast Bioregion MPAs
2024,17.563560863194336,18.353618454163342,15.46170691532596,South Coast Bioregion MPAs
2025,17.871257493734912,18.711366196647585,15.871169492064757,South Coast Bioregion MPAs
2026,17.605878920975485,18.33976143258498,15.629740890259535,South Coast Bioregion MPAs
2027,17.675125458637893,18.572357508663835,15.429144821492878,South Coast Bioregion MPAs
2028,17.237441773931103,17.973908599005107,15.289198128963271,South Coast Bioregion MPAs
2029,17.576784092119475,18.437228800966807,15.447641437211045,South Coast Bioregion MPAs
2030,18.445564262795415,19.181128385241518,16.599124734172285,South Coast Bioregion MPAs
2031,17.748089007533203,18.563193614950396,15.76915073764941,South Coast Bioregion MPAs
2032,17.021324546245076,17.911211348105333,14.696165261830552,South Coast Bioregion MPAs
2033,17.006702853115037,17.858633840979692,14.73082942362492,South Coast Bioregion MPAs
2034,17.495525675897387,18.369212329577625,15.380995004618994,South Coast Bioregion MPAs
2035,18.47755355054613,19.26903130162608,16.519644006843198,South Coast Bioregion MPAs
2036,16.792671416048854,17.573522871403284,14.919919044196744,South Coast Bioregion MPAs
2037,18.16527766880094,19.10188001194156,15.980442154823109,South Coast Bioregion MPAs
2038,17.403638102222683,18.216660897224653,15.308726444597808,South Coast Bioregion MPAs
2039,17.155989503318928,17.92671564067996,15.152908713901084,South Coast Bioregion MPAs
2040,16.602899492714503,17.48058103145927,14.553592398972903,South Coast Bioregion MPAs
2041,16.479213735853637,17.323749124375627,14.309918543667635,South Coast Bioregion MPAs
2042,17.52730628132518,18.335988304918967,15.322327217251678,South Coast Bioregion MPAs
2043,18.151364961481217,18.96573596598728,16.24989410151765,South Coast Bioregion MPAs
2044,18.48132831683148,19.176243180877666,16.793232119728675,South Coast Bioregion MPAs
2045,18.808295481614675,19.55749351641067,17.117253585344713,South Coast Bioregion MPAs
2046,18.709024232282076,19.441033158941252,16.869349968890116,South Coast Bioregion MPAs
2047,18.24507726570485,19.139480532342873,16.134637706502243,South Coast Bioregion MPAs
2048,18.810325316851653,19.558634854862774,16.958430032036485,South Coast Bioregion MPAs
2049,18.42258450142814,19.227510824635704,16.37012680514766,South Coast Bioregion MPAs
2050,17.666566022845085,18.551164850729275,15.364109786987017,South Coast Bioregion MPAs
2051,18.12234790944124,18.9046294899774,16.024045480551145,South Coast Bioregion MPAs
2052,18.53035328674327,19.411811744737346,16.477215631679112,South Coast Bioregion MPAs
2053,17.24880511837473,18.082084945641125,15.116918074128838,South Coast Bioregion MPAs
2054,17.8215298130295,18.546188671263923,15.843806752031481,South Coast Bioregion MPAs
2055,18.412345787298936,19.29017011280646,16.264470910071655,South Coast Bioregion MPAs
2056,17.835025960292253,18.764545713096265,15.492884470076154,South Coast Bioregion MPAs
2057,18.604362341511024,19.47761455722225,16.386486796972726,South Coast Bioregion MPAs
2058,18.106415150162768,18.834047865520944,16.034421568922166,South Coast Bioregion MPAs
2059,18.41910358059298,19.232300149953222,16.29871618163173,South Coast Bioregion MPAs
2060,18.543506768471513,19.48104644250761,16.26323719968997,South Coast Bioregion MPAs
2061,17.80481428869572,18.603518672250747,15.723747101492838,South Coast Bioregion MPAs
2062,17.937583311203287,18.734966730592646,15.791802715614923,South Coast Bioregion MPAs
2063,18.385618629683275,19.1725159103142,16.42117937397446,South Coast Bioregion MPAs
2064,19.06268798919313,19.800448734971848,17.2031718325929,South Coast Bioregion MPAs
2065,18.005767457364104,18.790628484377624,15.854292589962043,South Coast Bioregion MPAs
2066,17.529223343883178,18.424382384358804,15.15941082451882,South Coast Bioregion MPAs
2067,18.214919219912804,18.965545042993348,16.16079519034591,South Coast Bioregion MPAs
2068,17.929921041889955,18.818746239259596,15.676065097922589,South Coast Bioregion MPAs
2069,18.395590912105177,19.208670827788506,16.362997381354855,South Coast Bioregion MPAs
2070,18.589403013049434,19.389720331708766,16.51325878001006,South Coast Bioregion MPAs
2071,19.47818176910704,20.342656997148097,17.359656926118287,South Coast Bioregion MPAs
2072,18.9254509291546,19.740217297097114,16.985197269180205,South Coast Bioregion MPAs
2073,18.015826204962412,18.9025818550984,15.799878856668975,South Coast Bioregion MPAs
2074,18.525230962802695,19.42350050093686,16.268832783773828,South Coast Bioregion MPAs
2075,18.275381853784175,19.168548997217023,16.263326064779967,South Coast Bioregion MPAs
2076,17.839909984564255,18.661566421038234,15.590685271792063,South Coast Bioregion MPAs
2077,18.62668540448045,19.491571949433578,16.357671271251252,South Coast Bioregion MPAs
2078,18.875053997193856,19.674097063503016,16.78564717445578,South Coast Bioregion MPAs
2079,19.377766920031018,20.228093742249662,17.20070381607594,South Coast Bioregion MPAs
2080,18.718079689625124,19.56193543300896,16.367813470263055,South Coast Bioregion MPAs
2081,19.4593844247623,20.333705249030555,17.330401355567123,South Coast Bioregion MPAs
2082,18.760436680398968,19.51412548602877,16.7275821268237,South Coast Bioregion MPAs
2083,19.41774662394253,20.231400789812252,17.387276395737008,South Coast Bioregion MPAs
2084,19.247252764945845,20.128533577974473,17.055803996207427,South Coast Bioregion MPAs
2085,19.242515984030756,20.071982648319462,17.08984549850544,South Coast Bioregion MPAs
2086,19.1059047849551,19.95839146294313,16.914066029199862,South Coast Bioregion MPAs
2087,18.099409513099197,19.010031906417435,15.715545325069257,South Coast Bioregion MPAs
2088,17.219203405871696,18.09276110045963,15.02564843776402,South Coast Bioregion MPAs
2089,18.687479870762026,19.52018161079055,16.698808862185576,South Coast Bioregion MPAs
2090,18.708858702082516,19.56665072768722,16.519059361681634,South Coast Bioregion MPAs
2091,18.591597973158486,19.494841190441488,16.336009620476883,South Coast Bioregion MPAs
2092,19.326582306677057,20.24354115112369,16.9481840156274,South Coast Bioregion MPAs
2093,20.19604039071034,21.069624108297187,17.91882406380272,South Coast Bioregion MPAs
2094,18.88383686699972,19.78075457637068,16.57753471578417,South Coast Bioregion MPAs
2095,19.198127553327048,20.089736586873105,16.84440076167931,South Coast Bioregion MPAs
2096,19.088348270737338,19.928105402664006,16.932650551315863,South Coast Bioregion MPAs
2097,20.37788643914744,21.157377071599885,18.500545198938713,South Coast Bioregion MPAs
2098,20.69723158762586,21.484623259448217,18.604120748296662,South Coast Bioregion MPAs
2099,19.403471090139185,20.261402309197916,17.165274220579644,South Coast Bioregion MPAs
2100,18.949690502079488,19.716080614125932,16.78710015433152,South Coast Bioregion MPAs
1980,13.475884523399383,14.120063381315214,12.8712127126403,Central Coast Bioregion MPAs
1981,13.508003800940456,14.194829740903858,12.840494185566113,Central Coast Bioregion MPAs
1982,13.494251599387203,14.095898623080311,12.89498876871736,Central Coast Bioregion MPAs
1983,13.344753590643993,13.849178634014137,12.708745224478049,Central Coast Bioregion MPAs
1984,14.855736003176428,15.3149651665848,14.285818779336543,Central Coast Bioregion MPAs
1985,13.894219966642526,14.410926032648767,13.305352039629268,Central Coast Bioregion MPAs
1986,13.751464459444176,14.339710006973002,12.976918912502986,Central Coast Bioregion MPAs
1987,14.109512033981167,14.761575717708508,13.42004355511511,Central Coast Bioregion MPAs
1988,13.68319934150239,14.36839725186382,13.02942923316941,Central Coast Bioregion MPAs
1989,14.031030638531627,14.671107765845955,13.376608949636136,Central Coast Bioregion MPAs
1990,13.112659935741728,13.85617817147805,12.46562382449779,Central Coast Bioregion MPAs
1991,13.592564451710418,14.128385219251689,12.871879500010877,Central Coast Bioregion MPAs
1992,12.942053462164598,13.388937688476156,12.502257251906547,Central Coast Bioregion MPAs
1993,13.025274694466109,13.607252304870828,12.450246826262578,Central Coast Bioregion MPAs
1994,13.775232214007698,14.495603253557904,13.0411662675029,Central Coast Bioregion MPAs
1995,13.904691221074186,14.424585556295897,13.365109092739472,Central Coast Bioregion MPAs
1996,13.88642550991387,14.481386029907583,13.339597996057513,Central Coast Bioregion MPAs
1997,13.89611197104659,14.520964303804911,13.376155369994043,Central Coast Bioregion MPAs
1998,14.520268212011112,15.014781391841979,13.820335633268504,Central Coast Bioregion MPAs
1999,14.626151859115032,15.493315734674942,13.816322719884624,Central Coast Bioregion MPAs
2000,13.665711754518824,14.341054077594796,13.02786013472977,Central Coast Bioregion MPAs
2001,14.418916410196768,15.086483316493615,13.790571634102314,Central Coast Bioregion MPAs
2002,14.158629135080055,14.72609688714554,13.523140093033703,Central Coast Bioregion MPAs
2003,14.685683396680867,15.223391968726402,13.952109542589318,Central Coast Bioregion MPAs
2004,12.823728004411093,13.397932452092755,12.170860965227464,Central Coast Bioregion MPAs
2005,13.421318133108624,14.031061981177073,12.625641054007916,Central Coast Bioregion MPAs
2006,14.25567425390593,14.853456060026977,13.611397648091343,Central Coast Bioregion MPAs
2007,14.28245871819418,14.725858672317493,13.795750256417955,Central Coast Bioregion MPAs
2008,13.704547318639932,14.312235899053789,13.056166097954327,Central Coast Bioregion MPAs
2009,13.080846683830169,13.66380981606971,12.385007714015794,Central Coast Bioregion MPAs
2010,13.305385848258638,13.881253616879397,12.68218899838803,Central Coast Bioregion MPAs
2011,13.876101376189384,14.460194212656175,13.244974218923907,Central Coast Bioregion MPAs
2012,13.822686975916188,14.391674582307843,13.166483015003847,Central Coast Bioregion MPAs
2013,13.928385874203839,14.52311143625107,13.311820960792772,Central Coast Bioregion MPAs
2014,13.356835578097826,13.973346124691354,12.656409745002597,Central Coast Bioregion MPAs
2015,14.987836752587599,15.620869090569897,14.24658566065854,Central Coast Bioregion MPAs
2016,13.753660644954662,14.426757047577489,13.09533973391922,Central Coast Bioregion MPAs
2017,13.530627324756214,14.123542023277901,12.76722018477887,Central Coast Bioregion MPAs
2018,13.342833837236793,13.963976466828461,12.597191992244403,Central Coast Bioregion MPAs
2019,13.364453224640291,13.985844869940474,12.645934911451542,Central Coast Bioregion MPAs
2020,13.645394109589885,14.315880429869063,12.919018217440167,Central Coast Bioregion MPAs
2021,14.986847997932067,15.483097095532635,14.415046111347507,Central Coast Bioregion MPAs
2022,15.289915378523729,15.870720683841677,14.546847780294149,Central Coast Bioregion MPAs
2023,16.31177076668862,16.9246869763906,15.65536882932789,Central Coast Bioregion MPAs
2024,14.483684314963673,14.975625292129386,13.889682577596462,Central Coast Bioregion MPAs
2025,15.43426794540365,16.07103098945703,14.872470048255169,Central Coast Bioregion MPAs
2026,14.685653565630654,15.347863864192943,14.00311275343118,Central Coast Bioregion MPAs
2027,14.131304153333776,14.903645509065944,13.459188640705515,Central Coast Bioregion MPAs
2028,14.130487370324813,14.639929604420503,13.53398579015628,Central Coast Bioregion MPAs
2029,14.416086046144263,15.018417201160643,13.743509178730568,Central Coast Bioregion MPAs
2030,15.3249752366719,16.055201310958186,14.70007360360802,Central Coast Bioregion MPAs
2031,14.383806140126522,14.987237256559965,13.699728601046473,Central Coast Bioregion MPAs
2032,13.91701777431367,14.540263103776978,13.386504744090624,Central Coast Bioregion MPAs
2033,13.682580881016627,14.42168342594343,12.859212663977909,Central Coast Bioregion MPAs
2034,13.884348828468152,14.693593301310722,13.095064222984007,Central Coast Bioregion MPAs
2035,15.261653055503542,15.819572859002607,14.621699189608806,Central Coast Bioregion MPAs
2036,13.904095990310818,14.530409101030445,13.272023283761799,Central Coast Bioregion MPAs
2037,14.99810501724497,15.649689685951826,14.298864082076227,Central Coast Bioregion MPAs
2038,14.332339503309054,14.896958406926215,13.657662486809116,Central Coast Bioregion MPAs
2039,14.170965623076965,14.731419312899762,13.543481458222155,Central Coast Bioregion MPAs
2040,13.509061981506967,14.117506152692956,12.910336088978953,Central Coast Bioregion MPAs
2041,13.229728310380228,13.83122766612117,12.56065135479684,Central Coast Bioregion MPAs
2042,14.05255518808248,14.760781063803103,13.357107075960974,Central Coast Bioregion MPAs
2043,15.4305369091541,15.929234860271919,14.700355188128368,Central Coast Bioregion MPAs
2044,15.690391028933554,16.28398555789114,15.037792797970345,Central Coast Bioregion MPAs
2045,16.01574794936926,16.540354280382033,15.445367692750482,Central Coast Bioregion MPAs
2046,15.333914755798407,15.969845871671351,14.709761779047115,Central Coast Bioregion MPAs
2047,14.372540556210744,15.072763470878938,13.702848257627123,Central Coast Bioregion MPAs
2048,15.996511515381599,16.530637120667055,15.35678375960711,Central Coast Bioregion MPAs
2049,15.204553691656232,15.753318159136839,14.526707890725945,Central Coast Bioregion MPAs
2050,14.99333611568401,15.620402869727513,14.331689868774403,Central Coast Bioregion MPAs
2051,15.05611850779301,15.61357544357582,14.351442621416908,Central Coast Bioregion MPAs
2052,15.261571201018294,15.917430905791576,14.513256608607302,Central Coast Bioregion MPAs
2053,13.934055899216824,14.498306781314222,13.192753360870874,Central Coast Bioregion MPAs
2054,15.028632204585877,15.559201129090292,14.381769193480308,Central Coast Bioregion MPAs
2055,14.900477381255579,15.64348111052496,14.175310448504455,Central Coast Bioregion MPAs
2056,14.318905806001545,14.93208309679222,13.505560656444466,Central Coast Bioregion MPAs
2057,15.244044873632474,15.93761181406432,14.574229366303618,Central Coast Bioregion MPAs
2058,15.351774598302802,15.97765035597822,14.647610092998741,Central Coast Bioregion MPAs
2059,14.946282735587433,15.534178066390666,14.164940129560462,Central Coast Bioregion MPAs
2060,14.801891348318374,15.485992609756119,14.010927577922374,Central Coast Bioregion MPAs
2061,14.27250607318804,15.093377439648899,13.504708928321909,Central Coast Bioregion MPAs
2062,14.705091534223786,15.302763098707047,13.990702923020566,Central Coast Bioregion MPAs
2063,15.000611411594708,15.634786908162638,14.286369276475206,Central Coast Bioregion MPAs
2064,15.848806184163058,16.51673462550767,15.144002572043194,Central Coast Bioregion MPAs
2065,14.594957620734373,15.199202655198476,13.8819293354304,Central Coast Bioregion MPAs
2066,14.026265450805905,14.718411612743239,13.215241352475168,Central Coast Bioregion MPAs
2067,15.135587819878975,15.83509236520225,14.187089372547975,Central Coast Bioregion MPAs
2068,14.927630632558062,15.676646256464617,14.115167221034758,Central Coast Bioregion MPAs
2069,15.536934685496744,16.23687299572656,14.893453020828446,Central Coast Bioregion MPAs
2070,15.652415185530277,16.40690036831369,14.839118527324475,Central Coast Bioregion MPAs
2071,15.565867860547362,16.450046208635097,14.743378739361084,Central Coast Bioregion MPAs
2072,15.507510555869137,16.187566906513396,14.829899399114135,Central Coast Bioregion MPAs
2073,14.957847561992267,15.673525673627971,14.260211025649438,Central Coast Bioregion MPAs
2074,14.975553950386304,15.628847252593806,14.203519651467879,Central Coast Bioregion MPAs
2075,15.562145979007553,16.1036753529007,14.819965331786989,Central Coast Bioregion MPAs
2076,15.032957885455867,15.75203321954538,14.428987475442876,Central Coast Bioregion MPAs
2077,15.46223732033546,16.17173666984902,14.798636498276572,Central Coast Bioregion MPAs
2078,15.988893500794104,16.669628522768914,15.076878313398884,Central Coast Bioregion MPAs
2079,15.587247956487415,16.330861360090157,14.878548855401412,Central Coast Bioregion MPAs
2080,15.617988228639533,16.211586594628784,14.76091250229827,Central Coast Bioregion MPAs
2081,16.134308597300876,16.876184692777247,15.426384073745899,Central Coast Bioregion MPAs
2082,15.43101606678986,16.117549488314665,14.707027418184223,Central Coast Bioregion MPAs
2083,15.882053343450824,16.48928896621794,15.10624649311103,Central Coast Bioregion MPAs
2084,15.890503813095613,16.485695028770895,15.219685519372304,Central Coast Bioregion MPAs
2085,16.12849460806796,16.689298977141082,15.513435130358848,Central Coast Bioregion MPAs
2086,15.644583425443038,16.30255056676622,14.779711523756378,Central Coast Bioregion MPAs
2087,14.971929977198013,15.756335728865105,14.229755129925493,Central Coast Bioregion MPAs
2088,14.701996583944734,15.557489342474314,13.855981562463034,Central Coast Bioregion MPAs
2089,15.35336840546991,15.990263005863719,14.527153429421892,Central Coast Bioregion MPAs
2090,15.436943493586663,16.082815790236925,14.623303173293811,Central Coast Bioregion MPAs
2091,15.426508083009374,16.117911389638344,14.664707000034996,Central Coast Bioregion MPAs
2092,16.20042391398926,16.968573484796448,15.66100211196754,Central Coast Bioregion MPAs
2093,16.45014233069468,17.30440245052739,15.657249729308786,Central Coast Bioregion MPAs
2094,15.536866206342692,16.152354507420785,14.758196543298096,Central Coast Bioregion MPAs
2095,15.548221179678494,16.2871549180813,14.738040480858308,Central Coast Bioregion MPAs
2096,15.840713289645619,16.504041065421834,15.1520010044096,Central Coast Bioregion MPAs
2097,17.59641130543388,18.166837034307676,16.848722581203393,Central Coast Bioregion MPAs
2098,17.599183571019314,18.276644879039925,16.779319019135407,Central Coast Bioregion MPAs
2099,15.709299558336022,16.503459454099318,14.917557322236297,Central Coast Bioregion MPAs
2100,16.046670314639574,16.907677533259903,15.315038196259671,Central Coast Bioregion MPAs
1980,11.741887585237695,12.913136657140868,10.89113359479636,North Coast Bioregion MPAs
1981,11.415299277097445,12.825509005497851,10.294890072599307,North Coast Bioregion MPAs
1982,11.831379069217563,13.051972736637708,10.896232091459963,North Coast Bioregion MPAs
1983,11.91220251242209,12.951901570273243,11.148472250665511,North Coast Bioregion MPAs
1984,12.940237711355778,14.385088888975085,11.75794733536933,North Coast Bioregion MPAs
1985,12.294654858992107,13.381496178821282,11.452841275218532,North Coast Bioregion MPAs
1986,12.258123885005146,13.25921195142748,11.570352476708466,North Coast Bioregion MPAs
1987,12.53874612035897,13.655348314812407,11.756022470585847,North Coast Bioregion MPAs
1988,12.199573787553927,13.159322977203898,11.505213755844045,North Coast Bioregion MPAs
1989,12.253011540827925,13.570901730717816,11.152647117473295,North Coast Bioregion MPAs
1990,11.36903494147699,12.51830355692802,10.462244299832314,North Coast Bioregion MPAs
1991,11.929514669290048,13.483261200409052,10.987280145864522,North Coast Bioregion MPAs
1992,11.57773003455306,12.352656757227685,11.025096593629351,North Coast Bioregion MPAs
1993,11.405745588440414,12.336020911127354,10.725530241659527,North Coast Bioregion MPAs
1994,11.708715663777312,13.042356261284837,10.696740856139158,North Coast Bioregion MPAs
1995,11.955498265542147,13.172217626554938,10.920549388469619,North Coast Bioregion MPAs
1996,12.246768482443967,13.300258345664593,11.563683610886725,North Coast Bioregion MPAs
1997,12.465238163174446,13.462900137652548,11.764272166714077,North Coast Bioregion MPAs
1998,12.71598245151514,14.095344351648807,11.65546748117855,North Coast Bioregion MPAs
1999,12.251593853772796,13.9037541455154,10.727217329928289,North Coast Bioregion MPAs
2000,12.05921646423496,13.17281989427338,11.357355600432077,North Coast Bioregion MPAs
2001,12.535645141845116,13.842167167096678,11.686762948397368,North Coast Bioregion MPAs
2002,12.747990534438191,13.747681856766334,12.061955670566093,North Coast Bioregion MPAs
2003,12.931571305684498,14.339307596336612,11.943254994024352,North Coast Bioregion MPAs
2004,11.500513287359473,12.2827677304815,10.765759821289565,North Coast Bioregion MPAs
2005,11.847913181144358,13.000113797629533,11.017556136294411,North Coast Bioregion MPAs
2006,12.49694392512299,13.694095585118754,11.516568036461576,North Coast Bioregion MPAs
2007,12.632404142648442,13.790971117844217,11.570356714878097,North Coast Bioregion MPAs
2008,11.933638809757316,13.06406155060853,10.971788263087843,North Coast Bioregion MPAs
2009,11.36883711711685,12.619933874238855,10.365223586982266,North Coast Bioregion MPAs
2010,11.539804979670079,12.793462071563,10.46940940004684,North Coast Bioregion MPAs
2011,12.177368973468223,13.27603593692095,11.479336807299212,North Coast Bioregion MPAs
2012,11.86341399745205,13.250501579153829,10.630068868972556,North Coast Bioregion MPAs
2013,12.106950204632463,13.400641496179047,11.136953509386013,North Coast Bioregion MPAs
2014,11.83012841455506,12.997629439756652,11.099952725496225,North Coast Bioregion MPAs
2015,13.173302271341544,14.666894103612341,12.159253593756247,North Coast Bioregion MPAs
2016,11.963320243600338,13.11178802126634,11.230230555578189,North Coast Bioregion MPAs
2017,11.85217341426322,13.04171273975922,10.657115247591427,North Coast Bioregion MPAs
2018,11.827794910707834,13.135886445590907,10.936245232745916,North Coast Bioregion MPAs
2019,11.747901937252854,12.928665674532603,10.763302434522812,North Coast Bioregion MPAs
2020,11.635770768292264,12.893340485251542,10.594267840406584,North Coast Bioregion MPAs
2021,13.1755002575871,14.380732930817286,12.250353142895557,North Coast Bioregion MPAs
2022,13.294085824735024,14.774338989366939,12.055238848940236,North Coast Bioregion MPAs
2023,14.151379096302671,15.582835782329452,12.800250702058177,North Coast Bioregion MPAs
2024,12.637730467518132,13.9819693073322,11.598203939235303,North Coast Bioregion MPAs
2025,13.529197885284924,14.87464692623386,12.392033042035349,North Coast Bioregion MPAs
2026,12.714517826836905,14.107699814585956,11.589304530937477,North Coast Bioregion MPAs
2027,12.26683508407028,13.62746285725162,11.432304140733647,North Coast Bioregion MPAs
2028,12.549559871524043,13.777551619277029,11.704080566981716,North Coast Bioregion MPAs
2029,12.935362710410045,13.848336360594857,12.197802071703919,North Coast Bioregion MPAs
2030,13.117877310651876,14.70654708773563,11.663275016298575,North Coast Bioregion MPAs
2031,12.344677072939302,13.678359833107342,11.163062883430703,North Coast Bioregion MPAs
2032,12.382152533686947,13.374860368107408,11.588030326433284,North Coast Bioregion MPAs
2033,11.52781371032053,12.9836198023482,10.210321463111372,North Coast Bioregion MPAs
2034,11.878494369837416,13.189286259405563,10.970418653360229,North Coast Bioregion MPAs
2035,13.060890512456501,14.69366562753378,11.981195051712016,North Coast Bioregion MPAs
2036,11.992177206308142,13.214077650704033,10.97320225424883,North Coast Bioregion MPAs
2037,12.910361691814975,14.237827724129268,11.742231692397764,North Coast Bioregion MPAs
2038,12.666487698144296,14.00496826190824,11.457811252692933,North Coast Bioregion MPAs
2039,12.799051792955794,13.840431227348212,12.091863560227507,North Coast Bioregion MPAs
2040,11.787855662705741,13.029720440623658,10.798062928837368,North Coast Bioregion MPAs
2041,11.56370266707871,12.766038911172068,10.615297403816733,North Coast Bioregion MPAs
2042,12.295924848957412,13.595925230378112,11.56336945683603,North Coast Bioregion MPAs
2043,13.521650159526107,14.97031150759129,12.218072583145192,North Coast Bioregion MPAs
2044,13.547026870583103,15.023725507014023,12.654738790830931,North Coast Bioregion MPAs
2045,13.920620172318305,15.244180866070076,12.873289978858383,North Coast Bioregion MPAs
2046,13.402408058922633,14.709239845442168,12.636234793002659,North Coast Bioregion MPAs
2047,12.423525554536132,13.675266652527542,11.35640494012067,North Coast Bioregion MPAs
2048,14.017283754893628,15.364725709787066,13.004172215250945,North Coast Bioregion MPAs
2049,13.562923828671641,14.793695012739128,12.841076570961595,North Coast Bioregion MPAs
2050,13.259601463046407,14.669558486365927,12.090034665828389,North Coast Bioregion MPAs
2051,13.306000620749813,14.705409208169087,12.330163371368329,North Coast Bioregion MPAs
2052,13.165866157754945,14.67589867015307,12.009390415735462,North Coast Bioregion MPAs
2053,12.291916290604648,13.767378704259029,11.257325508460127,North Coast Bioregion MPAs
2054,13.135912846254033,14.608662868168716,11.88592688412058,North Coast Bioregion MPAs
2055,12.572437995410484,14.146634765119643,11.10755461830196,North Coast Bioregion MPAs
2056,12.475272998792645,13.864420998212843,11.248444998333136,North Coast Bioregion MPAs
2057,13.415792612264413,14.573318354857555,12.533164543617493,North Coast Bioregion MPAs
2058,13.56755178283092,14.986461985364448,12.415829841308314,North Coast Bioregion MPAs
2059,12.958964035014459,14.504841971234889,11.835752202254833,North Coast Bioregion MPAs
2060,13.023213075254498,14.508517099928534,11.77924843670656,North Coast Bioregion MPAs
2061,12.274157144798854,13.553237072681283,11.406801384855461,North Coast Bioregion MPAs
2062,12.853302000437923,14.323435475706477,11.862056799511306,North Coast Bioregion MPAs
2063,13.349240007949371,14.839680076055048,12.28827385855787,North Coast Bioregion MPAs
2064,13.722392431478907,15.195120658806708,12.697421083777797,North Coast Bioregion MPAs
2065,12.716418002898045,14.115399982118097,11.622892056068126,North Coast Bioregion MPAs
2066,12.276720424707744,13.572615501977888,11.267956244946271,North Coast Bioregion MPAs
2067,13.38514774501286,14.856323715891534,12.428140309516033,North Coast Bioregion MPAs
2068,12.744039605904254,14.349196888596813,11.385232251261813,North Coast Bioregion MPAs
2069,13.92455731366221,15.43484386385765,12.863389316924797,North Coast Bioregion MPAs
2070,13.904367919732664,15.270496040495333,12.576115783516299,North Coast Bioregion MPAs
2071,13.318661021313087,14.809680327906031,12.125694548434808,North Coast Bioregion MPAs
2072,13.069966692277209,14.791293292513908,11.527677008520001,North Coast Bioregion MPAs
2073,13.188677375336797,14.510286162749848,12.214499247169405,North Coast Bioregion MPAs
2074,12.987114943277628,14.336632066923228,11.95551820317048,North Coast Bioregion MPAs
2075,13.720291131815051,15.299258408735334,12.215958532907294,North Coast Bioregion MPAs
2076,13.4021316787684,14.733174307436704,12.201947534748305,North Coast Bioregion MPAs
2077,14.123028420641136,15.317918157727078,13.499740453588332,North Coast Bioregion MPAs
2078,14.077123602661272,15.56256927128763,12.893161269881249,North Coast Bioregion MPAs
2079,13.284910348647132,15.00599892847327,11.830526845128375,North Coast Bioregion MPAs
2080,13.802978288450005,15.296370939880852,12.676471556564955,North Coast Bioregion MPAs
2081,14.275905509998612,15.571621779867234,13.384585489544511,North Coast Bioregion MPAs
2082,13.561263853555479,15.01739014610005,12.501246225150902,North Coast Bioregion MPAs
2083,13.707802140422753,15.52572931450635,12.148855731257049,North Coast Bioregion MPAs
2084,13.879574557916104,15.397784389372726,12.706984542216228,North Coast Bioregion MPAs
2085,14.11501895269395,15.85680937635381,12.890381733784727,North Coast Bioregion MPAs
2086,13.739966169283488,15.253253714672192,12.835298267796167,North Coast Bioregion MPAs
2087,13.819896873761087,14.96097135919551,13.114333382964539,North Coast Bioregion MPAs
2088,13.370832111329072,14.816340026107738,12.093739951236591,North Coast Bioregion MPAs
2089,13.377680562208303,14.953680648350252,11.982149588018883,North Coast Bioregion MPAs
2090,13.53710132168795,14.84675019011349,12.65601390472876,North Coast Bioregion MPAs
2091,13.576275964294409,14.897695637142744,12.593182639792728,North Coast Bioregion MPAs
2092,13.911517745203692,15.780418403171844,12.328594121152923,North Coast Bioregion MPAs
2093,14.380079718043875,15.845105438465225,13.041513502081125,North Coast Bioregion MPAs
2094,13.712660788788785,15.129242547372188,12.577512946555325,North Coast Bioregion MPAs
2095,13.667011565294432,14.942156154200118,12.80670486752819,North Coast Bioregion MPAs
2096,13.776262983800294,15.080456414048149,12.538222648269604,North Coast Bioregion MPAs
2097,15.603457424497236,17.437918757944242,14.013766563370163,North Coast Bioregion MPAs
2098,15.517233978414406,17.138050607843564,14.228838256854656,North Coast Bioregion MPAs
2099,13.682517765369358,14.999818250752426,12.7263603690757,North Coast Bioregion MPAs
2100,14.336434506350374,15.773084620074753,13.374271212229083,North Coast Bioregion MPAs
